{
    "rmse": 0.7188872741760243,
    "mae": 0.5598869891848063,
    "r2": 0.19186244905093397
}