{
    "rmse": 0.7328867981877253,
    "mae": 0.5868946981903769,
    "r2": 0.14060310566743095
}